{"mlp_layers100_200_3_ac_0.8505766897404547": 0.8505766897404547, "mlp_layers100_200_200_3_ac_0.8490997503567992": 0.8490997503567992, "mlp_layers100_200_200_200_3_ac_0.8480374883197664": 0.8480374883197664}